Apple 아이폰 13 256GB [자급제],"1,130,000원",https://cr.shopping.naver.com/adcr.nhn?x=vLNXcwLB4ydUYelXtsg5Hv%2F%2F%2Fw%3D%3Ds8QVGGWm6GDX3EoenVUTgxg1jA3w6Gfi0ALjFClBNF71WQE1WikGGRjsm7ORTamZ7xP%2BTEoP%2FccwZfRGZ4YdHltOS84C4m%2FX9zzEGf2SROCmlh4A0NS07qtLTWHX8i9ygNnu2I3I6tRT2OEc%2FhZhP6EPg%2F6PYJW9LpCSumzPJoiiI9aZyW4hhCgmcrsQhWGWG%2FjBmTqA4xW4sMIcltjwt3PKAXVfyDB1yTbVYYpYzcFnUHxlEatbmVq7jmztE%2Fywsntx9kH2mcHMYXTW3SlAu%2F0yfCtawDKzUvrVUi7T1j4zBz7%2BORHa%2BX777%2F5U82WuFn4nkKZrnZoqHEJLr8hsCiO1Z2GgQo3IiCiiP0vrT%2FCn1QQzCLreNp8sjPDBjStixlfxinuJIcXbelONAuMrnG7Yf%2BbLIOSDCVS9MgZI%2BYDNFiBdPxTSuvYOb67FAYBAGCXV2B8r6mc9GdpPVxGCf8Ue%2Beig2o%2Btg3G0msNFep4byNHyBUXwWVD2ki0TxnNzybhH9wEAloUwKKpNfU%2FlKrDQ7QQdsHEhVv5v9PSzkU2SOv%2B%2BG7P8zZs54SDuTec41XKfTBZGcUOIkFkIjDbZUV39t61OSJipP%2B04Yhv4AEu9oaKZHilHbuauHUigNM5KA&nvMid=29029192591&catId=50001519
Apple 아이폰 13 프로 256GB [자급제],"1,394,760원",https://cr.shopping.naver.com/adcr.nhn?x=x%2BJZSv0pmZYhiRjuHYx5JP%2F%2F%2Fw%3D%3Ds0UX8EF9izsfc4Eg0m0hSZjm1RE9z2b4yORVj9izZoH5hJz9H0Ub4KLvuVTVtNMxMPzjSCG3lqvWDyxxr2OGrQ6zB0YproSQjOnzSlD%2Fnb%2BRyseuczzliUzea532thygPLb9Nyl9BK8MeMnRjF115Jci30QtKP1mA7BYZPpxeJLexWvZfe2todmJfmpbNrXnq6b4twwZe%2FXnN8SL9cd67Sbix7jXt7MNVc9AIu4EfDZlNEwRr%2B3STfYHGn%2FB5b3e4gAv8JOiNm6fVEnfbUbqXqHD4VnBXxoFUyz6JwrlGXJ9r6kdrp7BvT8OlwZ7P37YyZp%2FuhVWf5tMOyu5R2EADu504Qty3v53gBTk9o3XiwizUQvs8GHq%2Bj7OvUNvyviyxS6nKoqtur6iGShqz9U6Fbqir9Rsf38ulB5eaUrbZtXoEdLuJh13gFOuABI1Cabywr1zQ3TaGfkdsxOv%2Bp53WStb4AIWZANb5yyQmve1CxKvPU6pntGCurhu%2FV8uonTYh5X6MB3JdbnBohOi8QY2msiLxJCgc%2Ff621h7ikrc4EORcYSJuXV%2FrnTLVZYNfDvI7DmbhZ1mZ2WDP1%2B8Zb3YzVktVHp1YFUAH9uLVu%2FshSaTke%2FVP%2BgM94BPZkP5YJ%2Bex&nvMid=29030492586&catId=50001519
Apple 아이폰 13 프로 128GB [자급제],"1,292,150원",https://cr.shopping.naver.com/adcr.nhn?x=XhG%2F36hSnkOsCnSg8SXB3%2F%2F%2F%2Fw%3D%3DsVyCobcnv9O7dUltZgy4AIHnWpOJyVLr7IPu%2FMHQ%2FUyRhJz9H0Ub4KLvuVTVtNMxM9xlxinDmh%2FygsnMVfal%2FN6zB0YproSQjOnzSlD%2Fnb%2BRyseuczzliUzea532thygPLb9Nyl9BK8MeMnRjF115Jci30QtKP1mA7BYZPpxeJLexWvZfe2todmJfmpbNrXnquNUGE%2F8E2Wl6h%2B8WEwxe9bix7jXt7MNVc9AIu4EfDZlNEwRr%2B3STfYHGn%2FB5b3e4gAv8JOiNm6fVEnfbUbqXqHD4VnBXxoFUyz6JwrlGXJ9r6kdrp7BvT8OlwZ7P37YyZp%2FuhVWf5tMOyu5R2EADu0Odm%2BQUl7JKRzF2aTe3bpLUQvs8GHq%2Bj7OvUNvyviyxS6nKoqtur6iGShqz9U6FboQRNW2r0hfVRzuSl8FF4RgEdLuJh13gFOuABI1Cabywr1zQ3TaGfkdsxOv%2Bp53WSk7gey4ekRfw0je7STy31hzPU6pntGCurhu%2FV8uonTYh5X6MB3JdbnBohOi8QY2msupEbiUXpQ%2FRl8wgcE6zsa7Qv4gV3l%2BQDSz3R5gdV72s9KmPva7npcJYINAC3uvHOHmmJ8aZB%2BKGQFr2734PicPke%2FVP%2BgM94BPZkP5YJ%2Bex&nvMid=29030420587&catId=50001519
Apple 아이폰 13 미니 128GB [자급제],"892,920원",https://cr.shopping.naver.com/adcr.nhn?x=TwEE412cDVBD%2Bd7%2BVzvwwP%2F%2F%2Fw%3D%3DsGItfXEBZ8eW0S4x3nZgyxVqhwcrvXz5d1bW2%2F5f%2BegJWQE1WikGGRjsm7ORTamZ7mJ91FrbgYfsU%2BZ7D1LVSPdOS84C4m%2FX9zzEGf2SROCmlh4A0NS07qtLTWHX8i9ygNnu2I3I6tRT2OEc%2FhZhP6EPg%2F6PYJW9LpCSumzPJoiiI9aZyW4hhCgmcrsQhWGWGoDvSF0ti4vm%2FgippbT9zgPKAXVfyDB1yTbVYYpYzcFnUHxlEatbmVq7jmztE%2Fywsntx9kH2mcHMYXTW3SlAu%2F0yfCtawDKzUvrVUi7T1j4zBz7%2BORHa%2BX777%2F5U82WuFX7%2FR%2BxKmeFeW54N6GNUERzD5qcENtxu3G4THiGWmAlj1QQzCLreNp8sjPDBjStixjQaGLcMmduX4DYWfbsi2VO8kdsXsQNdKuUottZvasFpFiBdPxTSuvYOb67FAYBAGWR34PGgX21IX5FwB8U%2FAX%2BE%2BfGVX3hhd%2B8lUQoXxvtZD%2FkFMO4s7sTx4sbc7XXXQvaOjGxMtdSZf0nL3LrxHbAPypjGBjlw0xOp4wYqUud2tqaMHAJkj0DAJXiYJNZCZ%2Bxu62otc32LjEQwKGsQ4JtxY%2BcoVw7PZVWQgS99XFw7LVWGr8fvvH1mWvUgXPK6j&nvMid=29030650586&catId=50001519
Apple 아이폰 13 128GB [자급제],"1,024,650원",https://cr.shopping.naver.com/adcr.nhn?x=earO3Pflnjans7zLoscfwf%2F%2F%2Fw%3D%3DsbDM%2FJM%2Fr%2FGGEMHhyym3rTa3ws%2BNCQGiiRjhgVJ22MrIbsBKbbjTB%2BBCjsLv6tz%2BjNZmaAcODE5iCjYp0nnO13UYqQQ4p1qd4UfijECBWHhL1jKTKTxgL4%2FJ70OlwUWZREDkPBmq8awR1e9MS4%2BLNU0gAn8lD2%2BxrgblrBqYwPdWug%2B9sjA7rHdeMLkY%2BwIMUMRx4KxbEWu5oJE2qAkkLfzQZD6UDT51Dg8nNb9lI8fV%2BFLPJmN7kd5F0maTGsL0c%2FgADejqvqwqsJukCYP9nHUFT6BXLqwdQ%2B%2BrmBh1eENE%2Fa18qhDQ1A%2FKJp3fgBDor391W%2FC1w5SVs2sYtTdFSevFDEu88DL0xEeJF5x%2BXwTYVjQCpIk5kx4sJW2hrRfnKYYyQomAOCRwvaXv4BU13vz%2BNoOSr7iErlzdecUiQhkCZzZyDfGo1SQoYRvXGDzWdJDnYvpfz%2Bh%2BZ6wVz3KJUXn7N8hOagrgUUqgdkby1VcWZZd0C6e2Zyps4U6T5DErBvcQeIaAGIIQRnJcrzv7qxdLZhTMC%2BYfJHZecQkYrwO6tqaMHAJkj0DAJXiYJNZCZhg9Q4xvJkXX3uyucpiDBzfcaXDhKzfTqIpz3Lpdy3nrLVWGr8fvvH1mWvUgXPK6j&nvMid=29030374587&catId=50001519
Apple 아이폰 13 미니 256GB [자급제],"1,043,150원",https://cr.shopping.naver.com/adcr.nhn?x=2cRLE608gZTeaCEJh5gMSv%2F%2F%2Fw%3D%3DsKXB1RbbhldFUgMa6aJfodMlgtitpVlP0qKOeJIbo%2FFRWQE1WikGGRjsm7ORTamZ7ymrJ2kUslPwCfLqXTW%2Bx7tOS84C4m%2FX9zzEGf2SROCmlh4A0NS07qtLTWHX8i9ygNnu2I3I6tRT2OEc%2FhZhP6EPg%2F6PYJW9LpCSumzPJoiiI9aZyW4hhCgmcrsQhWGWGEhUbZ%2FNZ8avqUf6HuykXvPKAXVfyDB1yTbVYYpYzcFnUHxlEatbmVq7jmztE%2Fywsntx9kH2mcHMYXTW3SlAu%2F0yfCtawDKzUvrVUi7T1j4zBz7%2BORHa%2BX777%2F5U82WuFi47EMMpRt3ltkchRbN6TMxpXpQL6AyolG04h4r03af31QQzCLreNp8sjPDBjStixjQaGLcMmduX4DYWfbsi2VGBT7SMKEEWA0f6R2waC%2F2dFiBdPxTSuvYOb67FAYBAGWR34PGgX21IX5FwB8U%2FAXwb3eAmUpLAW0oMcgSl2cZpD%2FkFMO4s7sTx4sbc7XXXQvaOjGxMtdSZf0nL3LrxHbLhXYNDa7yf97KbJr7qtfQ9PwCXFJiRdosf3os3K%2FWn1DwA9D9xMy4sQJzQ8jlAPU%2FgbrUNRnJgwpw43bnhvIIdoaKZHilHbuauHUigNM5KA&nvMid=29030437590&catId=50001519
Apple 아이폰 13 프로 맥스 256GB [자급제],"1,600,000원",https://cr.shopping.naver.com/adcr.nhn?x=js9dfmaS7WHLSPL9dx59K%2F%2F%2F%2Fw%3D%3DswpSsAh%2B%2By50xvRv1VSDgoFzA7FSP260QOi4y8iV9BnlWQE1WikGGRjsm7ORTamZ7Jbh13oWGe%2Frqq%2FQAmn1OfdOS84C4m%2FX9zzEGf2SROCmlh4A0NS07qtLTWHX8i9ygNnu2I3I6tRT2OEc%2FhZhP6EPg%2F6PYJW9LpCSumzPJoiiI9aZyW4hhCgmcrsQhWGWGGRvm2iC%2BAsbJBoGpPZJZjPKAXVfyDB1yTbVYYpYzcFnUHxlEatbmVq7jmztE%2Fywsntx9kH2mcHMYXTW3SlAu%2F0yfCtawDKzUvrVUi7T1j4zBz7%2BORHa%2BX777%2F5U82WuFbDBTzOXVzZwhX4bqQIW47%2FX%2BUGgBs9Ks%2F5YOIzhH0Nz1QQzCLreNp8sjPDBjStixjQaGLcMmduX4DYWfbsi2VGapIUz6X5EFJxSbujlYWXBFiBdPxTSuvYOb67FAYBAGpxy2zgNMJa1at1GSrSd0QNv7Ffkwy78LPGKRuNB%2BDa8N%2FOXq06xFLlMCwNDQObjPLcqEhOiscytOptfh0D9%2BAizahwWfuStWuqAVHS8TUh2IHah%2FxhgxECzPqi%2Bxw8l5v4YGjJCSIW1IvBxXT1wG92ElJbV67kdPIzsAOIHvy2NvU2Y6hEEwGxc1AZfON9sL4VRAH%2BsMDObarUodGweR8Q%3D%3D&nvMid=29030294588&catId=50001519
Apple 아이폰 13 프로 512GB [자급제],"1,594,800원",https://cr.shopping.naver.com/adcr.nhn?x=4NQRgZuTPtSWfvtiKVt%2BuP%2F%2F%2Fw%3D%3Ds6SH1cUxfo2XSnsX3WvI%2Ft0W3S7R2g%2BEFzqGISl1pKkRhJz9H0Ub4KLvuVTVtNMxMsv54w4CFPl2f1s5ixuMP7KzB0YproSQjOnzSlD%2Fnb%2BRyseuczzliUzea532thygPLb9Nyl9BK8MeMnRjF115Jci30QtKP1mA7BYZPpxeJLexWvZfe2todmJfmpbNrXnqlDPFdx1sLuYHxlc7aw3L%2Brix7jXt7MNVc9AIu4EfDZlNEwRr%2B3STfYHGn%2FB5b3e4gAv8JOiNm6fVEnfbUbqXqHD4VnBXxoFUyz6JwrlGXJ9r6kdrp7BvT8OlwZ7P37YyZp%2FuhVWf5tMOyu5R2EADuxJRXIhvtmahQGPVScBeN4LUQvs8GHq%2Bj7OvUNvyviyxS6nKoqtur6iGShqz9U6Fbj%2BC5IedpcH5QnqiYVB%2FA2AEdLuJh13gFOuABI1Cabywr1zQ3TaGfkdsxOv%2Bp53WSgYUG%2FO4Ti9LGeGGovFy4O7PU6pntGCurhu%2FV8uonTYh5X6MB3JdbnBohOi8QY2msnAGDmRKuvRDQNMvGVpAksnesXRSG9V%2FghLcRXrPa6hPtIY7ta3NCJLsC5gEVWmFdR4WTXbaqV9ZGat0GOTsEbzke%2FVP%2BgM94BPZkP5YJ%2Bex&nvMid=29030416587&catId=50001519
Apple 아이폰 13 프로 맥스 128GB [자급제],"1,460,000원",https://cr.shopping.naver.com/adcr.nhn?x=YZN1WaarbRpY%2BWq61bInvP%2F%2F%2Fw%3D%3DsbgHsO%2FEjx1SMdOxyIJ8sGJvPbNDKQy49GVsjLByuHDpWQE1WikGGRjsm7ORTamZ7wHJInLJJCrDToLDcjRc%2FUdOS84C4m%2FX9zzEGf2SROCmlh4A0NS07qtLTWHX8i9ygNnu2I3I6tRT2OEc%2FhZhP6EPg%2F6PYJW9LpCSumzPJoiiI9aZyW4hhCgmcrsQhWGWGhHspihOVp8HjBCkc%2F5FPbvKAXVfyDB1yTbVYYpYzcFnUHxlEatbmVq7jmztE%2Fywsntx9kH2mcHMYXTW3SlAu%2F0yfCtawDKzUvrVUi7T1j4zBz7%2BORHa%2BX777%2F5U82WuFVXRI5mGcfmF%2FrY0q4db9QmIkH7JW7RQll22cK9O%2Bm6r1QQzCLreNp8sjPDBjStixjQaGLcMmduX4DYWfbsi2VEuOqndcNhlSmkVsiQch3nVFiBdPxTSuvYOb67FAYBAGpxy2zgNMJa1at1GSrSd0QN4u9dXHHCExaTB3By%2FzhJgN%2FOXq06xFLlMCwNDQObjPLcqEhOiscytOptfh0D9%2BAgjRAlcPdTeBYEzTcAf5UDXCLvTe4lD8qgfpePi3O6Ghv4YGjJCSIW1IvBxXT1wG92lkAMLEMeJqCYecxheBmIVvU2Y6hEEwGxc1AZfON9sL4VRAH%2BsMDObarUodGweR8Q%3D%3D&nvMid=29030367587&catId=50001519
Apple 아이폰 13 미니 512GB [자급제],"1,228,990원",https://cr.shopping.naver.com/adcr.nhn?x=4RBaYn9mFH0gN8GO1wdu7%2F%2F%2F%2Fw%3D%3DsyZNz%2FbiuDU4vQtKjrnICv6mkJ6NfCTcu4%2FvMklG6NjphJz9H0Ub4KLvuVTVtNMxMfWKkt3IyOJC3K3FHCtNcoqzB0YproSQjOnzSlD%2Fnb%2BRyseuczzliUzea532thygPLb9Nyl9BK8MeMnRjF115Jci30QtKP1mA7BYZPpxeJLexWvZfe2todmJfmpbNrXnqsbuGkiliGuKFQrhO3KCkYbix7jXt7MNVc9AIu4EfDZlNEwRr%2B3STfYHGn%2FB5b3e4gAv8JOiNm6fVEnfbUbqXqHD4VnBXxoFUyz6JwrlGXJ9r6kdrp7BvT8OlwZ7P37YyZp%2FuhVWf5tMOyu5R2EADuyi%2B%2FoqkTd4jje%2FR0vbibWHUQvs8GHq%2Bj7OvUNvyviyxS6nKoqtur6iGShqz9U6FbgoPcrS0J7s4UHpLvPNkiegEdLuJh13gFOuABI1Cabywr1zQ3TaGfkdsxOv%2Bp53WSkCBhDVasZAj2bxx%2FJ5c4dDPU6pntGCurhu%2FV8uonTYh5X6MB3JdbnBohOi8QY2mstSvG%2FZeVKKSt3E1uXno%2B%2FrLtD%2BflYcx6RNXB2X3qNkXYX%2BM1FAz4mN7L2fGUTypAjnRv7LvkNOBfPm1dCvadfFXc50eBITwugSNPH3Ok09sVpGw61BSdoQRvEGgfFlc5w%3D%3D&nvMid=29030296587&catId=50001519
Apple 아이폰 13 프로 맥스 512GB [자급제],"1,861,970원",https://cr.shopping.naver.com/adcr.nhn?x=qliVy4FTs3LC13XT5MaVEP%2F%2F%2Fw%3D%3DsloZ%2FC8Brmp0lyPR6Ed3H2W3pfkS4x9wDIPjFjrZLfu4bsBKbbjTB%2BBCjsLv6tz%2Bj%2FHYkRMPNjyIPDNuQUQQRBpgit%2FZzmRXaiuC8Z46q8qn1jKTKTxgL4%2FJ70OlwUWZREDkPBmq8awR1e9MS4%2BLNU0gAn8lD2%2BxrgblrBqYwPdWug%2B9sjA7rHdeMLkY%2BwIMU8l8EUbQKNtJLHSrS0FW8ATQZD6UDT51Dg8nNb9lI8fV%2BFLPJmN7kd5F0maTGsL0c%2FgADejqvqwqsJukCYP9nHUFT6BXLqwdQ%2B%2BrmBh1eENE%2Fa18qhDQ1A%2FKJp3fgBDor391W%2FC1w5SVs2sYtTdFSer392xYomR1uZNYPUoj6%2Bd0VjQCpIk5kx4sJW2hrRfnKYYyQomAOCRwvaXv4BU13v6Gi4IGxpUE%2FCcJXW72IVk%2BZzZyDfGo1SQoYRvXGDzWdJDnYvpfz%2Bh%2BZ6wVz3KJUXsds9B%2BMUzAQtFYI3wiD8cZlPAmOrFekIWjt9jg2%2By1jFFcURuJXcA9fpBODYEj4ujTaLVTowASY8dTSt1bXfvM1Oy6SXwIhPqUjtQ1BvYkkiA3%2FU2AzguC84AnoS7Lq%2BZh0TjbCWfGslOBFbKRjhwcGXI8AEddqpIs5FAQQTUaGhWw3%2BIByOa0jCVNQVnCDoA%3D%3D&nvMid=29029192586&catId=50001519
Apple 아이폰 13 512GB [자급제],"1,354,240원",https://cr.shopping.naver.com/adcr.nhn?x=DR2k2EJNTYiP5VEbTA9s%2Bf%2F%2F%2Fw%3D%3Ds7j4XJT%2FqV3cSQDhTp4%2Bf9x8Laif5FICMESjaw9m6tplhJz9H0Ub4KLvuVTVtNMxMB9PRZrM17HyikpzW18i0TqzB0YproSQjOnzSlD%2Fnb%2BRyseuczzliUzea532thygPLb9Nyl9BK8MeMnRjF115Jci30QtKP1mA7BYZPpxeJLexWvZfe2todmJfmpbNrXnqMp%2F9XPfjTZN93E2a1T98erix7jXt7MNVc9AIu4EfDZlNEwRr%2B3STfYHGn%2FB5b3e4gAv8JOiNm6fVEnfbUbqXqHD4VnBXxoFUyz6JwrlGXJ9r6kdrp7BvT8OlwZ7P37YyZp%2FuhVWf5tMOyu5R2EADu2A4X524yy6RjNaib2aIRfXUQvs8GHq%2Bj7OvUNvyviyxS6nKoqtur6iGShqz9U6FbpJ7V5fUZH4IQE3wQoHsyyUEdLuJh13gFOuABI1Cabywr1zQ3TaGfkdsxOv%2Bp53WStYrmhd6z3mr51lBlAzJFvLL%2FnGINkSYp%2Bd2xAAY7UDnZuR%2BZ455CVM%2FNW%2BY1%2F9iK%2Bf%2Fkk5mRETdfuMGQE8wRcNicchwRNwmJ84TyxvjggzFy8YEWAIx4GFCjQ2lIVk88efihckcrsRV7mBCukvjdE0OEsHC78VBLnFZh%2FnDobeN&nvMid=29030496586&catId=50001519
Apple 아이폰 13 프로 1TB [자급제],"1,902,640원",https://cr.shopping.naver.com/adcr.nhn?x=ulJ4v5gXwrFB188sfyiawf%2F%2F%2Fw%3D%3Ds5oC3098MdjqiQjInz4xkbuFspVPYqX0t88YZymX8XhRhJz9H0Ub4KLvuVTVtNMxM1hDJjZBNJZLh9P124V6uYqzB0YproSQjOnzSlD%2Fnb%2BRyseuczzliUzea532thygPLb9Nyl9BK8MeMnRjF115Jci30QtKP1mA7BYZPpxeJLexWvZfe2todmJfmpbNrXnqM3WLqq0EN7lRPuVNhhc%2BTLix7jXt7MNVc9AIu4EfDZlNEwRr%2B3STfYHGn%2FB5b3e4gAv8JOiNm6fVEnfbUbqXqHD4VnBXxoFUyz6JwrlGXJ9r6kdrp7BvT8OlwZ7P37YyZp%2FuhVWf5tMOyu5R2EADu%2FPB0n%2BGiNjbs0fD283SwWjUQvs8GHq%2Bj7OvUNvyviyxS6nKoqtur6iGShqz9U6FbgzuREuBKDA9JWgcvGjgu1YEdLuJh13gFOuABI1Cabywr1zQ3TaGfkdsxOv%2Bp53WSgW1dOuSq%2FB0zr0ktzqvDtr1JtnyFV8OD7Bngtl8x0Qvfm8I4%2BLwqxkEirhSi8uz%2FO%2FZEp9FjIsnp62UzzUY%2FAPvW2q1ZBpuV%2F%2FvtKUgTGHnjpH%2Br8DV4%2BsqtCHUaHXmmCIUIkWiqzo0j9kjNGRj1sXHICEQpPL7Rm%2B2fyhjEhHR&nvMid=29029192588&catId=50001519
Apple 아이폰 13 프로 맥스 1TB [자급제],"2,079,530원",https://cr.shopping.naver.com/adcr.nhn?x=msXn0KaULpSLP3yNBY9HHf%2F%2F%2Fw%3D%3DsUSpChCHALPKMJALZ2SjyfAuX6oWQiFTlb7IMI3kmq0RWQE1WikGGRjsm7ORTamZ7AYmPJ1iuKyuphhZXe6Bet9OS84C4m%2FX9zzEGf2SROCmlh4A0NS07qtLTWHX8i9ygNnu2I3I6tRT2OEc%2FhZhP6EPg%2F6PYJW9LpCSumzPJoiiI9aZyW4hhCgmcrsQhWGWGqB%2BYf8KVu5Lizs8e93TFS%2FKAXVfyDB1yTbVYYpYzcFnUHxlEatbmVq7jmztE%2Fywsntx9kH2mcHMYXTW3SlAu%2F0yfCtawDKzUvrVUi7T1j4zBz7%2BORHa%2BX777%2F5U82WuFPW%2FWhsws%2BmqKZySCwtxb%2F2hJ6WolgTVlXgfiNimHfz31QQzCLreNp8sjPDBjStixlfxinuJIcXbelONAuMrnG%2FIAoizsYO1d%2BlRONyZaGwpFiBdPxTSuvYOb67FAYBAGpxy2zgNMJa1at1GSrSd0QE%2Fd8fyX9mvA9gmQbAmJrnV1I8EDCh5n2RBrPUf%2BYM4BX8a%2FHvPOPEuDd1Ce%2FzZYNbMRUjFUns1jqzbBcQhTMbNJxUDiluMv0fHChptDDAEnin2nQlLpklqgvDNCmq4mYBFqwOBVvRick2R0FLFyFAADfkLIyuldBS3f8m8e6nLmzUhNzs2VE%2B%2Bisqs3JAEppg%3D%3D&nvMid=29029192590&catId=50001519
Apple 아이폰 13 미니 256GB [LG U+],"137,880원",https://cr.shopping.naver.com/adcr.nhn?x=ASezfm0t5DapoRuwpjGQ%2Bv%2F%2F%2Fw%3D%3DsMH%2Bmjd%2FcbuU7Ks4xZdjyuY3mH0KOD4jhJMiKarmtxBRhJz9H0Ub4KLvuVTVtNMxMdx89XCoIkMmN9NK%2FPT2rgazB0YproSQjOnzSlD%2Fnb%2BRyseuczzliUzea532thygPLb9Nyl9BK8MeMnRjF115Jci30QtKP1mA7BYZPpxeJLexWvZfe2todmJfmpbNrXnq7r8%2BMjx%2B1KQXJkem2XwtE7ix7jXt7MNVc9AIu4EfDZlNEwRr%2B3STfYHGn%2FB5b3e4gAv8JOiNm6fVEnfbUbqXqHD4VnBXxoFUyz6JwrlGXJ9r6kdrp7BvT8OlwZ7P37YyZp%2FuhVWf5tMOyu5R2EADu%2FXeoj1a5%2Bb%2B278AN2nfqRjUQvs8GHq%2Bj7OvUNvyviyxeoI3z%2BL14z9v%2Fx%2BL9Zw%2FKmLQMOcYcrJcjQFs3u7PKccEdLuJh13gFOuABI1Cabywr1zQ3TaGfkdsxOv%2Bp53WSqpXfupfvQHGQjlBrQFXHE75YbLlxragaaIQX6kJDBj8D6QkZjCZcMNTR4jeTmX45ZTpO6SttUU7a%2FOCY6vtdbgNauEcRynSn%2F8orOK7nc90z2Nm2QJ9gpDGaAkBkrLM%2BdgA9ohQX6SP1GOHavaIcQPLVWGr8fvvH1mWvUgXPK6j&nvMid=29030376589&catId=50000248
Apple 아이폰 13 미니 128GB [LG U+],"24,250원",https://cr.shopping.naver.com/adcr.nhn?x=ONATTU8g6bZLRUzQCpacyP%2F%2F%2Fw%3D%3DsCwjzMM4RswlPNQCO9VJ2FJ9Wo0tz2ROQu2ntOunKwYwbsBKbbjTB%2BBCjsLv6tz%2BjuZhcVV5PIhLUiSX%2FmZyuJEsFnd4LQiOtdw4Oog3pTFr1jKTKTxgL4%2FJ70OlwUWZREDkPBmq8awR1e9MS4%2BLNU0gAn8lD2%2BxrgblrBqYwPdWug%2B9sjA7rHdeMLkY%2BwIMU7xzpl%2BlOYhq%2F8o1%2FuLVZdjQZD6UDT51Dg8nNb9lI8fV%2BFLPJmN7kd5F0maTGsL0c%2FgADejqvqwqsJukCYP9nHUFT6BXLqwdQ%2B%2BrmBh1eENE%2Fa18qhDQ1A%2FKJp3fgBDor391W%2FC1w5SVs2sYtTdFSeslVCj8gtb1t6%2FoI%2B6AMvVMVjQCpIk5kx4sJW2hrRfnKqwZ9aKCnp%2BOD2OzgCp1jz%2BrN3L1JWj083uVYmlTj3SuZzZyDfGo1SQoYRvXGDzWdJDnYvpfz%2Bh%2BZ6wVz3KJUXin8EdyRWG5lsebtab06NGXpLKfV7lHXkGfYNhWiUOPtINRw1QNF%2FOPJXb5%2B358LYGkS%2FcyWbx%2FtGjfS6GMN%2FQhPwCXFJiRdosf3os3K%2FWn11qe7IRkJIzbxs4avDRxf7BulOx52%2F7RpQILRJdfeFcfNjqh%2FZemCCOboDhnweAmG&nvMid=29030431586&catId=50000248
Apple 아이폰 13 프로 128GB [LG U+],"654,990원",https://cr.shopping.naver.com/adcr.nhn?x=4suS2pLo%2BOv0rhX9RdBPEP%2F%2F%2Fw%3D%3DsX57jrGuuD1ww2K%2BFi4AaNZjyUG7ePLjwKJ%2B90KUkYxUbsBKbbjTB%2BBCjsLv6tz%2BjAFhrInznHw0zipJQ0joHgbqjyyqtpq2q4lBHElBZKzv1jKTKTxgL4%2FJ70OlwUWZREDkPBmq8awR1e9MS4%2BLNU0gAn8lD2%2BxrgblrBqYwPdWug%2B9sjA7rHdeMLkY%2BwIMUAcBTqEozy4pkQ0spRQIsFTQZD6UDT51Dg8nNb9lI8fV%2BFLPJmN7kd5F0maTGsL0c%2FgADejqvqwqsJukCYP9nHUFT6BXLqwdQ%2B%2BrmBh1eENE%2Fa18qhDQ1A%2FKJp3fgBDor391W%2FC1w5SVs2sYtTdFSevdkvU55dJJ6ugmnUxdJJC0VjQCpIk5kx4sJW2hrRfnKqwZ9aKCnp%2BOD2OzgCp1jz29RP4ckrtPsVw3BnEL5GUKZzZyDfGo1SQoYRvXGDzWdJDnYvpfz%2Bh%2BZ6wVz3KJUXov5TurvHzcmsFW4yXHzYi3pLKfV7lHXkGfYNhWiUOPtINRw1QNF%2FOPJXb5%2B358LYGSAMAdnhV3ddku9cvXJjtXvW2q1ZBpuV%2F%2FvtKUgTGHnnMvfhOcQP71X1khQ2Lhzt5eAOW2fo26b8zp05OLxpz3HICEQpPL7Rm%2B2fyhjEhHR&nvMid=29030175590&catId=50000248
Apple 아이폰 13 프로 256GB [LG U+],"819,930원",https://cr.shopping.naver.com/adcr.nhn?x=P7t0mjpQV%2FhmAnakc6EXuP%2F%2F%2Fw%3D%3DsSXkkIhJVI%2FYRL0wL8ekHcN0XqIuRjYHucEOMUdsO7xphJz9H0Ub4KLvuVTVtNMxMCvzVwN4%2BoVfBJrWQYzn816zB0YproSQjOnzSlD%2Fnb%2BRyseuczzliUzea532thygPLb9Nyl9BK8MeMnRjF115Jci30QtKP1mA7BYZPpxeJLexWvZfe2todmJfmpbNrXnqiHryMIa0vOlFa0dwxiKn27ix7jXt7MNVc9AIu4EfDZlNEwRr%2B3STfYHGn%2FB5b3e4gAv8JOiNm6fVEnfbUbqXqHD4VnBXxoFUyz6JwrlGXJ9r6kdrp7BvT8OlwZ7P37YyZp%2FuhVWf5tMOyu5R2EADu3ACHu%2BFkZUMdqoiZToiQ%2FDUQvs8GHq%2Bj7OvUNvyviyxeoI3z%2BL14z9v%2Fx%2BL9Zw%2FKkAYb84X6P6evVlwEmIJJLQEdLuJh13gFOuABI1Cabywr1zQ3TaGfkdsxOv%2Bp53WSsISsS%2BCTbLI5Q3DJYN6lKb5YbLlxragaaIQX6kJDBj8D6QkZjCZcMNTR4jeTmX45etzMJJjH9%2BCsqdoAsBU1SwNauEcRynSn%2F8orOK7nc901MF2IvjnRAUwxnkCe3B8FMmagLx8sQC%2Bp59KuCWbmyPLVWGr8fvvH1mWvUgXPK6j&nvMid=29030415586&catId=50000248
Apple 아이폰 13 128GB [LG U+],"148,180원",https://cr.shopping.naver.com/adcr.nhn?x=CGvH5tU%2Blaqfng31BOLnn%2F%2F%2F%2Fw%3D%3DsUUzBqXEnvDlTnYDNT5z2snkvdDhRexm%2Fn07ljT6mdthhJz9H0Ub4KLvuVTVtNMxMbenzJqSEJ%2B1XAyntryd%2F2qzB0YproSQjOnzSlD%2Fnb%2BRyseuczzliUzea532thygPLb9Nyl9BK8MeMnRjF115Jci30QtKP1mA7BYZPpxeJLexWvZfe2todmJfmpbNrXnqYKFZZuluUMYgcwBfGEHeObix7jXt7MNVc9AIu4EfDZlNEwRr%2B3STfYHGn%2FB5b3e4gAv8JOiNm6fVEnfbUbqXqHD4VnBXxoFUyz6JwrlGXJ9r6kdrp7BvT8OlwZ7P37YyZp%2FuhVWf5tMOyu5R2EADuxhkGsXWz6voLqZb8RkO%2B%2B%2FUQvs8GHq%2Bj7OvUNvyviyxeoI3z%2BL14z9v%2Fx%2BL9Zw%2FKpOVC1RHIUDXk8jQD21uW9UEdLuJh13gFOuABI1Cabywr1zQ3TaGfkdsxOv%2Bp53WStKWMVTtA07HCUp%2FbeQ6Tv27A%2F0vSPti8cHY4o2fastwN%2FJKacIlwQoZF%2FRZO2KyVhy7wLC43%2FIv4fsJqUCbAqa%2FhgaMkJIhbUi8HFdPXAb3OTtaifhUfu3%2F2kL8wlt3ZmO0QScdmj79W4Ike%2ByYeOsNUJgJp6CUXauCvW7Y5AjN&nvMid=29030372586&catId=50000248
Apple 아이폰 13 프로 맥스 256GB [LG U+],"935,180원",https://cr.shopping.naver.com/adcr.nhn?x=aOQ23jvjCScAFi8D1SCE5f%2F%2F%2Fw%3D%3DsqAYFWCxK0lbQSuYbtVT2kEF5HjqUyomvJUqKuDaMxcBhJz9H0Ub4KLvuVTVtNMxMCL8WC2smlb61XwsbqLibOazB0YproSQjOnzSlD%2Fnb%2BRyseuczzliUzea532thygPLb9Nyl9BK8MeMnRjF115Jci30QtKP1mA7BYZPpxeJLexWvZfe2todmJfmpbNrXnqXLTN90WNo2bfYUnKxvyYpLix7jXt7MNVc9AIu4EfDZlNEwRr%2B3STfYHGn%2FB5b3e4gAv8JOiNm6fVEnfbUbqXqHD4VnBXxoFUyz6JwrlGXJ9r6kdrp7BvT8OlwZ7P37YyZp%2FuhVWf5tMOyu5R2EADu4u0iLh4G3k7MCIR8mTO4OfUQvs8GHq%2Bj7OvUNvyviyxeoI3z%2BL14z9v%2Fx%2BL9Zw%2FKqqXgzFBNe%2B9GsspdK7tuxMEdLuJh13gFOuABI1Cabywr1zQ3TaGfkdsxOv%2Bp53WSmn2a%2BVfQD8FsYi0Ypk%2BtxGU7u6s4eGvcC%2BQhLTFP7rmSZv9Z3vZVGXYiyeb1%2FD5s%2BTSu%2FlA420N%2FUHaaqb6oZ7tdm0zCdrNSQGJU8UJxCXnuVccoexEXPaKmu235R38NyMt2m15vriTSNMc3Ia7RaADfkLIyuldBS3f8m8e6nLmzUhNzs2VE%2B%2Bisqs3JAEppg%3D%3D&nvMid=29030190586&catId=50000248
Apple 아이폰 13 미니 512GB [LG U+],"448,980원",https://cr.shopping.naver.com/adcr.nhn?x=oVcIOd2p2IBMArqU00zXqP%2F%2F%2Fw%3D%3DsosHYwEWELD2CPuJrOzED5iELKTDJpb4Fmb2MU1ihGDxhJz9H0Ub4KLvuVTVtNMxMRrv6vby6cOv4sVqm12frL6zB0YproSQjOnzSlD%2Fnb%2BRyseuczzliUzea532thygPLb9Nyl9BK8MeMnRjF115Jci30QtKP1mA7BYZPpxeJLexWvZfe2todmJfmpbNrXnqmNCzWTrruETuuT6FCzP1m7ix7jXt7MNVc9AIu4EfDZlNEwRr%2B3STfYHGn%2FB5b3e4gAv8JOiNm6fVEnfbUbqXqHD4VnBXxoFUyz6JwrlGXJ9r6kdrp7BvT8OlwZ7P37YyZp%2FuhVWf5tMOyu5R2EADu30vE%2FRIOM2nDo7N2j10qX7UQvs8GHq%2Bj7OvUNvyviyxeoI3z%2BL14z9v%2Fx%2BL9Zw%2FKr8rTIOVPwRB9QzWGDf2%2BUQEdLuJh13gFOuABI1Cabywr1zQ3TaGfkdsxOv%2Bp53WSjwt7nBOa4olaWN8w934iK35YbLlxragaaIQX6kJDBj8D6QkZjCZcMNTR4jeTmX45SCcERr7oWBdbbXcFsZTu%2BINauEcRynSn%2F8orOK7nc907CD4d8H63YUwqEUh09GuSwEf%2Fygmc6URPP4IPtFfbDrLVWGr8fvvH1mWvUgXPK6j&nvMid=29030419586&catId=50000248
Apple 아이폰 13 256GB [LG U+],"272,180원",https://cr.shopping.naver.com/adcr.nhn?x=Ht8u2Yu01%2FkhIYltIDYCl%2F%2F%2F%2Fw%3D%3DsYKue8M7Dy4ahDwb6LAGsQsKsDZEzig%2BoVu0MzFQgD2hhJz9H0Ub4KLvuVTVtNMxMk9YY8fGoJekvcdP3sJH7OqzB0YproSQjOnzSlD%2Fnb%2BRyseuczzliUzea532thygPLb9Nyl9BK8MeMnRjF115Jci30QtKP1mA7BYZPpxeJLexWvZfe2todmJfmpbNrXnqxxsm%2FS7PvYrIy2gc0Hbz67ix7jXt7MNVc9AIu4EfDZlNEwRr%2B3STfYHGn%2FB5b3e4gAv8JOiNm6fVEnfbUbqXqHD4VnBXxoFUyz6JwrlGXJ9r6kdrp7BvT8OlwZ7P37YyZp%2FuhVWf5tMOyu5R2EADuyPCKKyhmx1tYkrgiMwIEbPUQvs8GHq%2Bj7OvUNvyviyxeoI3z%2BL14z9v%2Fx%2BL9Zw%2FKvY0uZGkTWqdM%2FJDVW%2BgcesEdLuJh13gFOuABI1Cabywr1zQ3TaGfkdsxOv%2Bp53WSg6sGfNCfXGE1vlrcjWE3b%2B7A%2F0vSPti8cHY4o2fastwbv4ZUnDgFIiBsOSab73%2BZ1a1%2F%2F%2FqPsTwMtmM6tRVxPS%2FhgaMkJIhbUi8HFdPXAb3PR3WGojjyxLvMDISYmwsqWO0QScdmj79W4Ike%2ByYeOsNUJgJp6CUXauCvW7Y5AjN&nvMid=29030189588&catId=50000248
Apple 아이폰 13 프로 맥스 128GB [LG U+],"813,180원",https://cr.shopping.naver.com/adcr.nhn?x=Ysgixvzu8NOxRzh4oLieuf%2F%2F%2Fw%3D%3Ds%2F0EHWd0lsop0mn9HBQjdn1EFMMhoX4MRZBAd6lHbCyphJz9H0Ub4KLvuVTVtNMxMi%2B6ZnzHZeGKX17UREdIv4KzB0YproSQjOnzSlD%2Fnb%2BRyseuczzliUzea532thygPLb9Nyl9BK8MeMnRjF115Jci30QtKP1mA7BYZPpxeJLexWvZfe2todmJfmpbNrXnqW6RWFOvR2FN0g9uRh450ELix7jXt7MNVc9AIu4EfDZlNEwRr%2B3STfYHGn%2FB5b3e4gAv8JOiNm6fVEnfbUbqXqHD4VnBXxoFUyz6JwrlGXJ9r6kdrp7BvT8OlwZ7P37YyZp%2FuhVWf5tMOyu5R2EADuzsrrFPUV6HJT39TaV4FwVPUQvs8GHq%2Bj7OvUNvyviyxeoI3z%2BL14z9v%2Fx%2BL9Zw%2FKrs34q4Ki7Nctg%2Fi3CwwoH0EdLuJh13gFOuABI1Cabywr1zQ3TaGfkdsxOv%2Bp53WSph2%2B170Lc%2Fh1s0cur%2FyDfmPU2Wu48FXzKTpLeNC9BkySZv9Z3vZVGXYiyeb1%2FD5syMP6cy7WjvldQ0AYk7QvoXe8ABnKX4l%2FaE8IP1nlnd9oAxwLFFfQ4E19tKPQYKk1lJZ%2F%2BGLsYJs0U3fSSjzOoADfkLIyuldBS3f8m8e6nLmzUhNzs2VE%2B%2Bisqs3JAEppg%3D%3D&nvMid=29030352586&catId=50000248
Apple 아이폰 13 프로 512GB [LG U+],"988,980원",https://cr.shopping.naver.com/adcr.nhn?x=vtVBQkxv94nerG%2FuUrAEbv%2F%2F%2Fw%3D%3Ds1hb8ZkyvEAMWXCkkma%2FTycgHVSN6BX05zAcuETeYbRthJz9H0Ub4KLvuVTVtNMxM9csuGR3ai4xHQjwVHsM%2F3azB0YproSQjOnzSlD%2Fnb%2BRyseuczzliUzea532thygPLb9Nyl9BK8MeMnRjF115Jci30QtKP1mA7BYZPpxeJLexWvZfe2todmJfmpbNrXnqIsGCGgJXjOrApw75v82D8rix7jXt7MNVc9AIu4EfDZlNEwRr%2B3STfYHGn%2FB5b3e4gAv8JOiNm6fVEnfbUbqXqHD4VnBXxoFUyz6JwrlGXJ9r6kdrp7BvT8OlwZ7P37YyZp%2FuhVWf5tMOyu5R2EADu2yuTiSgOwwjduU9%2Fit%2FGvzUQvs8GHq%2Bj7OvUNvyviyxeoI3z%2BL14z9v%2Fx%2BL9Zw%2FKgVLeMiVXYeZJHMK4Qy1jbEEdLuJh13gFOuABI1Cabywr1zQ3TaGfkdsxOv%2Bp53WSoxqwZBF0bVSsXUQll%2Baosn5YbLlxragaaIQX6kJDBj8D6QkZjCZcMNTR4jeTmX45QnN04v9Vt89s2e6x3NLl%2BQNauEcRynSn%2F8orOK7nc90bLiuyug324KKrT72aSbDS%2FWTLCRSedhioFd27wDHK9vLVWGr8fvvH1mWvUgXPK6j&nvMid=29030295586&catId=50000248
Apple 아이폰 13 프로 맥스 512GB [LG U+],"1,259,180원",https://cr.shopping.naver.com/adcr.nhn?x=uIFanFXonlG0nawEd4SNRf%2F%2F%2Fw%3D%3DswQ9xxHdmxpg%2BzU2GzsMeEnpLUEzh6S0CaoBb2MQTAmthJz9H0Ub4KLvuVTVtNMxMQGP6Ll%2BTpCMXwVrrMkleiazB0YproSQjOnzSlD%2Fnb%2BRyseuczzliUzea532thygPLb9Nyl9BK8MeMnRjF115Jci30QtKP1mA7BYZPpxeJLexWvZfe2todmJfmpbNrXnqC8G1K0WqC%2BMx%2Bsb%2BJ3EYX7ix7jXt7MNVc9AIu4EfDZlNEwRr%2B3STfYHGn%2FB5b3e4gAv8JOiNm6fVEnfbUbqXqHD4VnBXxoFUyz6JwrlGXJ9r6kdrp7BvT8OlwZ7P37YyZp%2FuhVWf5tMOyu5R2EADu6FmUB9laT1kTGni5ICOKlTUQvs8GHq%2Bj7OvUNvyviyxeoI3z%2BL14z9v%2Fx%2BL9Zw%2FKl2FIVl8pyY4QZ56Kk3pFgMEdLuJh13gFOuABI1Cabywr1zQ3TaGfkdsxOv%2Bp53WSsJAdVJBQjLvH97jzqUKE8g2jlmQ9NlHBgdsAwMWaovqSZv9Z3vZVGXYiyeb1%2FD5s1J9ITVvpI89BM5YGHtfLIHM2U4s8Y%2FknHQOKSMm59lsj%2FaM5nVf1rOXk0fVU4woW%2B1SZwBODnXkfqCcBEiFwaFvU2Y6hEEwGxc1AZfON9sL4VRAH%2BsMDObarUodGweR8Q%3D%3D&nvMid=29030181590&catId=50000248
Apple 아이폰 13 512GB [LG U+],"558,180원",https://cr.shopping.naver.com/adcr.nhn?x=rOWFhCpfDmmRYul7ROsd0v%2F%2F%2Fw%3D%3DsYDSuhSIcEo3zME5SMltbDxeddPDX%2BffhqEiSGmmvRp9hJz9H0Ub4KLvuVTVtNMxMCguIVYt0%2FWSXvYCMnrPwDqzB0YproSQjOnzSlD%2Fnb%2BRyseuczzliUzea532thygPLb9Nyl9BK8MeMnRjF115Jci30QtKP1mA7BYZPpxeJLexWvZfe2todmJfmpbNrXnqJg934XoEkbAciqCMIan0C7ix7jXt7MNVc9AIu4EfDZlNEwRr%2B3STfYHGn%2FB5b3e4gAv8JOiNm6fVEnfbUbqXqHD4VnBXxoFUyz6JwrlGXJ9r6kdrp7BvT8OlwZ7P37YyZp%2FuhVWf5tMOyu5R2EADux5hcM2LOwHW610Ri9yM3HfUQvs8GHq%2Bj7OvUNvyviyxeoI3z%2BL14z9v%2Fx%2BL9Zw%2FKh5Kuv6bblhK3Y1EVeLIAhkEdLuJh13gFOuABI1Cabywr1zQ3TaGfkdsxOv%2Bp53WSlIW%2BY6dtkO5I2VlccU6I9W7A%2F0vSPti8cHY4o2fastwFnvZOf13%2FHs8QEcH5JFcswJoy7EFfz%2Bx%2B912sfsZRa6%2FhgaMkJIhbUi8HFdPXAb33E2EBmdG%2B7uYFJZ32ahTRmO0QScdmj79W4Ike%2ByYeOsNUJgJp6CUXauCvW7Y5AjN&nvMid=29030296586&catId=50000248
Apple 아이폰 13 프로 맥스 1TB [LG U+],"1,535,180원",https://cr.shopping.naver.com/adcr.nhn?x=jc8S4TrMZHeDEdey2Asu%2FP%2F%2F%2Fw%3D%3DsJCZ1i1oih%2F64Yw4M5pvzQFnTykhQN4uK31X%2FjZ%2B%2BFf8bsBKbbjTB%2BBCjsLv6tz%2Bjr%2BwMRZ46PCnEia6m%2BIbBclnDy4QO0mFO9JiaDtjAYZT1jKTKTxgL4%2FJ70OlwUWZREDkPBmq8awR1e9MS4%2BLNU0gAn8lD2%2BxrgblrBqYwPdWug%2B9sjA7rHdeMLkY%2BwIMUv%2FiyLKIYZJmYdqtV06rV7DQZD6UDT51Dg8nNb9lI8fV%2BFLPJmN7kd5F0maTGsL0c%2FgADejqvqwqsJukCYP9nHUFT6BXLqwdQ%2B%2BrmBh1eENE%2Fa18qhDQ1A%2FKJp3fgBDor391W%2FC1w5SVs2sYtTdFSetUlFL%2FnKnBBvh93FqUV6rUVjQCpIk5kx4sJW2hrRfnKqwZ9aKCnp%2BOD2OzgCp1jzytMDMstb%2F4o9eLVG4BGc4uZzZyDfGo1SQoYRvXGDzWdJDnYvpfz%2Bh%2BZ6wVz3KJUXsds9B%2BMUzAQtFYI3wiD8cacEKdPUOJCEhYJKGZyJwgLXGfKYExq7uG4FGIUYcPNsX%2F6dtwUEyJTKm7inwGX%2Bddcsc1gy1t3y8vpnnZ1OyPev4YGjJCSIW1IvBxXT1wG90vSFzbHFJclj67cDrWfFqRjtEEnHZo%2B%2FVuCJHvsmHjrDVCYCaeglF2rgr1u2OQIzQ%3D%3D&nvMid=29030181587&catId=50000248
Apple 아이폰 13 프로 1TB [LG U+],"1,299,000원",https://cr.shopping.naver.com/adcr.nhn?x=S%2Bi3RJdYvhceaLbjLuvxXP%2F%2F%2Fw%3D%3DshwQISlOduTGrrNOXEmBJlQhVoHPaSbVTrO0pqawcLhdhJz9H0Ub4KLvuVTVtNMxMGoADr8nqnXU4FtypkGO3nqzB0YproSQjOnzSlD%2Fnb%2BRyseuczzliUzea532thygPLb9Nyl9BK8MeMnRjF115Jci30QtKP1mA7BYZPpxeJLexWvZfe2todmJfmpbNrXnqXjTaYLCBU0RKnrlIKcfhorix7jXt7MNVc9AIu4EfDZlNEwRr%2B3STfYHGn%2FB5b3e4gAv8JOiNm6fVEnfbUbqXqHD4VnBXxoFUyz6JwrlGXJ9r6kdrp7BvT8OlwZ7P37YyZp%2FuhVWf5tMOyu5R2EADu2Wlo4iSs%2B2j%2BmQzeRWzSOnUQvs8GHq%2Bj7OvUNvyviyxeoI3z%2BL14z9v%2Fx%2BL9Zw%2FKomfPkeQJBZpaSibDcZQLM0EdLuJh13gFOuABI1Cabywr1zQ3TaGfkdsxOv%2Bp53WSiPdT4Ks2DksY6LWLDtrBrSaU9qNqKx0Qc11MwuBOlFm2qRqqkmRjzDmmzADhw5%2BZ63pZ8z4IbsdxkcdqndiZh%2BIDf9TYDOC4LzgCehLsur5EDdQMtBVPbarwNdjwKk%2B1HlMgRFwMH1uM8Q%2BaUC58jKFbDf4gHI5rSMJU1BWcIOg&nvMid=29030294586&catId=50000248
아이폰 13 pro max 256G 자급제 미개통 새상품,"1,357,620원",https://cr.shopping.naver.com/adcr.nhn?x=GDdyW9tp3NfpYP7f%2B6k5Hv%2F%2F%2Fw%3D%3DsDVq7mCOmO7Nc0N2aKkV20%2BNYgmj7QzcGfN5iS3KgPXFWQE1WikGGRjsm7ORTamZ7vuuXhsBn03jRMQycKedkYNOS84C4m%2FX9zzEGf2SROCmlh4A0NS07qtLTWHX8i9yg2QxQuG5NgtU0VzplYFryj7D9cbDzdvBhYP28y8rhu4mr9N9rARz1GwL8SD%2B61y0rcu74B5ejherXiFmTOTu8fNjMWUacZK3JWpkbmOZd6JgncH3IV3mDiu%2BiT0YNtFVB%2FOIq6qLqW%2BXB7aAhUB%2FZQCVdN3LpKf%2FbKuiZi7z1XJRSyMDr7Ef%2FG%2FFS2TrE8H%2Fv3MdjqEMRSfl2daYGoRRKsCvfCmiGWuFQRNFecKmBkk7F5X%2FRPQOecrXaNxDdy%2FMvjB5%2BwQwTWqlzZqCmwHkzL8GECnVO%2BQfskmkZtzrI6e647XF5PGf2u3xL8YaAbF5d20ekqy3gfajOXmb0Pk3nOjulBXMG7WVUNNGPsx5675dCFuSn1B0r8iXCr5xLHN7Jxi5r63uIZAHDSXuBWidPY3wJeXbnU6mZaLN%2BXPYoRZzj7EZO%2FB3gFPlaWNo%2BSN3Ak1oBv2cE6dYNI618a0MjjscgIRCk8vtGb7Z%2FKGMSEdE%3D&nvMid=30313697664&catId=50001519
Apple 아이폰 13 mini 자급제 128GB 핑크,"929,000원",https://cr.shopping.naver.com/adcr.nhn?x=cQMjCp6BFrFbxQ5Fmggf0f%2F%2F%2Fw%3D%3DsocLYbM10IxTWFP3fRzJv69hzwqStXkOnb3nJ63SDcR9WQE1WikGGRjsm7ORTamZ7RRtDQgpVE3L3DNOFyfGi1NOS84C4m%2FX9zzEGf2SROCmlh4A0NS07qtLTWHX8i9ygQRe2jsJZwB0HVx2y10w1snzmYN%2Fcvl75AGnByk2TjWEm5OY6%2FBA05LWPXaqTF3xXnI3Q%2FuFm111yFJnQ1iq5B71Tu2YAED8FE1DskIgCmU0ZGe4cP7cVYU9o63cGbOe8CT0A%2Fhi0KCJEEZzc%2BFaeIxk%2FmKhin15cT4wq2TfBk4KQT%2F1%2BUqlrPlwXUnpD%2FFtpB%2BS93DooY9tmTpfRq4%2BcJKUc7oJ0GV8I0vt0%2FsC%2BQlQHs%2F2PHkpmvWjL2qy1nHubfKU1E4Kq5NiebxbdPBHvwj%2Fyb2LgLQ5lXOhSzXPqrETHvY%2FUzN94OzIr5wG3PfiAtWvBS0ylHw6DvVIUpcXzTvdID%2FYpmiCgYGJjpYv2pwwU0KYvN65q1ZzViC%2BZXQ3UeD4nHsQ78AEvDYHXKjVE%2FzBmjh3WTqLtmMIT0y7CH0kHw6pdsvOyv%2BnpGjqBfkOQJB7PSUjslBNLW0Bc%2BNkvHwKDSovBjWjUO0soVeABp0gugiDh5S8n%2B7Rc0MeNuzgde%2FHJ5JThFT1jjTs5bvpJRUDivj2IEyP4hkUftecV33bke%2FVP%2BgM94BPZkP5YJ%2Bex&nvMid=29619937553&catId=50001519
APLLE 아이폰13 미니 128GB 미개통 미개봉 새상품,"696,210원",https://cr.shopping.naver.com/adcr.nhn?x=GBefHfSrn5puKPVkfwCzzP%2F%2F%2Fw%3D%3DsW%2Ft7Uq8M8whrbC%2Fot9MZRWydAyiyqCu%2F%2FfeY6V2vbkRhJz9H0Ub4KLvuVTVtNMxMzgTRq%2BoA17H8b%2FSb%2Bscp%2B6zB0YproSQjOnzSlD%2Fnb%2BRyseuczzliUzea532thygPk4YxQtevj7WNChIWkSQtzu0JZ4vKXq2xVuFay0gNbwiO%2FsdgQE5FIA0Tw1QMogpFlyxWbqurbQBn7h5ed9I9XRILbWvwJAzYHVrIYP0NtOqwKjF0j057wWAl%2B8fzAohEpRzugnQZXwjS%2B3T%2BwL5CVAez%2FY8eSma9aMvarLWce5tpJZ%2FKAyJ7K8mielNLuaDbUt6ZgyepM3cTLhiXStBTq9h70KxtauexuiiD73hEv8iKLK5s%2FpJtBklxqz4v%2B%2Be2kv2YPn5J4zSakVY22246UI1lFcpQcYLTQkxB19IYykeVZ93Riz1C%2BjjeP8gxfsH9rNzxzi0eyulBsa3PWQZh9ug3ZlGswp3EfgA%2Fom6IrrClkX647Zdjjw9%2Br5Mcvp%2BaN%2B91%2FeDOOS%2BIEHMjhvB86NoHmPCyHrOyoP4JkT2nrpWtGpaWjy4BND0HzS1QX3L4B7az4q7wL%2FCCJfTgzy52MT5tldli49KC377V0gKvYz4NUJgJp6CUXauCvW7Y5AjN&nvMid=32358692890&catId=50001519
갤럭시 애플 아이폰13미니 256GB A2628-256,"328,000원",https://cr.shopping.naver.com/adcr.nhn?x=WpE%2F30qfB5%2BHWOup1nA2m%2F%2F%2F%2Fw%3D%3DsHm1XckchUuR8PM1yUy2KAfnMEd4JIbcRT31BVnblkdBhJz9H0Ub4KLvuVTVtNMxMyiTEoVKU9JLGo4C529bYkKzB0YproSQjOnzSlD%2Fnb%2BRyseuczzliUzea532thygPk4YxQtevj7WNChIWkSQtziS3wIiOr3YtmM%2F3i%2BtSjwsecXWF1oTp6yntjphAHq0gJnOGC4HAhQ%2FXm0DuyiyG%2BjYVWLHDIo%2FSfS0hpZFFt7ckLAwjcX3%2B5xejyRrKC7hpal4oVSFtXynR83lGsOd3GJc4wEUpspSCgew1UbKtYn%2Bsc%2FAXgvOp5LOOmQlqvkcKQ%2BD%2Fo9glb0ukJK6bM8miKArsK1DNlYuW6vX8WB7j4Snzn8yb5UZRSxEognFUAvJLxG4rT3ap%2FMF8NoqkHDwk071%2FNmOSJbPXC3gQ7tS8mQdOIBlgl1NYf%2Bs0RTx9RK%2Bx6floCxr2YmZB5oDn58Og6Phf0SMsIpeaLdcmp%2BcrFg81LgMDgTdMD9JGXxvI1dwmwzbhDgT2qzcRYbVy2uh4Hl7D%2FSsfJPLNz1HpL%2F2Ch7dRRn5Fc5zjbkkmKyn3JWoD5nOu49jBg2klCFNgKByIbTYe6jcXXp8ADTADpvqeEjK4OcDkbcSTsYvIbV83cH%2FA4Msnre9pCzv2HPmdHnK9%2Bh0cjwVm1BUYVknE7IEMpz4%3D&nvMid=33274035969&catId=50001519
아이폰 Apple 아이폰13 미니 128GB 기기값 9만원,"96,000원",https://cr.shopping.naver.com/adcr.nhn?x=f2jsn5XPZnISEMVbxeWAif%2F%2F%2Fw%3D%3DsXyDgK9W5nhrg%2BcUHsqLubMuhqLfP6tIJVzFYkvuH7WsbsBKbbjTB%2BBCjsLv6tz%2BjOpJr1gHInbk4QXtdM3sO1KpGtmm3VUQYXcwEqVK6gmv1jKTKTxgL4%2FJ70OlwUWZRSOB5uXR94IigLk1JNFyGqMm3HByBnqyoQudlQvAroBzp33dwRCAzI0IZ9nyD5tkE9Z0ohABIGWTnPESfCqaNSy2ytu1bcDBVJamQTxNlwAePjyRl2JoQ4Igl9%2Froj6Dew6ZjbtkbN7RD61dGUzg7G1qsmhWtsS26cBgiQoajA6qV0ZVvyC097rAFKwL0uwRbxl2xlmfS7HdunXe1mEaQ8r1%2FNmOSJbPXC3gQ7tS8mQfLdPYhQRE%2BHvW5dtr3qYnKFCJLeTNMiIpdd72TMnUFR%2FLgohTox2YcKYwSgTiYdjQxnxE623vf3bJ3JQYDVdZQnR3iKUJzK0tIhWVxc%2B83kgZ8zhEMlDDhjDOdWtZBh2Wx34InktBqlmO3wO8sEx4Le4A07EzzTBH87l4kyrKIJ3wJeXbnU6mZaLN%2BXPYoRZzP4komTTLeCLk8ScPjb%2BpawevqFr4ikUcb2rz%2BxGWCMM2OqH9l6YII5ugOGfB4CYY%3D&nvMid=29860284145&catId=50001519
Apple 아이폰 13 미니 256GB 새상품 미개봉 미개통,"478,080원",https://cr.shopping.naver.com/adcr.nhn?x=HtG6NAtWx9Y0dUmghSqYZP%2F%2F%2Fw%3D%3DsoL0o6l%2BHP8XIzM6GIkBA5hEl%2FPlSnSl7Jc2Yw%2B4CCBRhJz9H0Ub4KLvuVTVtNMxMs7hJmmfDa%2BB0fF5uwgr%2BUKzB0YproSQjOnzSlD%2Fnb%2BRyseuczzliUzea532thygPLb9Nyl9BK8MeMnRjF115JbDXn0IDLBCgN%2FK3%2BGwmqM%2BpFjjh%2FGPU%2BK9K7OXF%2BaHk0eX6N0xSuoVW6n8HgFyAb369MlbRXchA4gJllKq4Fcuztg8TZ7OnyY8uXhuoCz7dP9TtehdLcLyS5ZdukOSvK6Uc7oJ0GV8I0vt0%2FsC%2BQlQHs%2F2PHkpmvWjL2qy1nHub2gBSU0%2BdtlqgE4kgsvMhhqjnSZmbhK8jjsmJodbmdOzHvY%2FUzN94OzIr5wG3PfiA5v2C%2FhBBY2gtwFJLNAUN4PtEj2l7JaNWZJ5wO45DRXcU0KYvN65q1ZzViC%2BZXQ3UC%2BPCK4hWZVak%2FmlGHuf2bCTn0C9JB9ClNPIwQwt4XanekFKCtKlyQTHbV6rbF2Vm45qOdsSe2ARj70dYjZTytFnMlhPZFyzfP7IyzI9N6OKGINcxQ4fLyLX%2F8ByiqJzR2ZVWCwxCaZyPHBegjD0iFoohV8keD2glxVEHR1mUzHEn66XIX2lFOvvTTbRV6SaLDhLBwu%2FFQS5xWYf5w6G3jQ%3D%3D&nvMid=32599880303&catId=50001519
아이폰13 미니 128GB 자급제 새상품,"736,350원",https://cr.shopping.naver.com/adcr.nhn?x=a2V3UGfWqVl9p2VL%2BbwiLf%2F%2F%2Fw%3D%3DsLMw9x7g8jeyqvRnUvaVSIbfuLak%2BpEEyFNfbfjhTXlgbsBKbbjTB%2BBCjsLv6tz%2BjkTn7mAdsBgqTu8fC0t6Axq0WmWY2sOXnlNcqx1OzpfP1jKTKTxgL4%2FJ70OlwUWZRSOB5uXR94IigLk1JNFyGqC8ffQLw1x%2F8Lf5s6Y8TBIHXkj%2BZW%2F1lJfgqvRvZaBhRHobLqCowvZoMHdD09Yl1v2lQFMyWIOULxVtn6hHLBqvyUHN%2BY1Af44KzDeaNIOnBMeBGWAj%2FNGvguSu7%2B5oS8hCGSQdcrj%2BZJHLmJxgT%2FbsFbfqvhBmyFER%2BD7e%2BrtE2SrrzK6cRFInd%2F4URuIC6aX%2BUucnAxrsG3xHb9QOpCsIcRZJmF%2FA3IxAqUUy9LvTYMYrNmUNy%2FEPlG7orunWxtIHORR4iSZyt%2BZ9soezygAxCMV39aPl7GEJsuSh03ksQZlcDXn2GHhJi%2BBCoWvD1m3R26cmXygepuWpxN7vMw01%2FColLl%2BWWxkchVWvDWpjssLbJT%2BtYk3nP0xj4TAry23wVnsOyvjYE86H5OcbmplOS7giqvO5poRHa55OAgUsMzr7QGA%2FcrMxJOO4%2BhH%2Bjz4KoDr6us%2BRKRCOTdsWr9TI%3D&nvMid=32358615593&catId=50001519
아이폰 13 미니 자급제 256GB 핑크 MLK73KH/A,"1,068,200원",https://cr.shopping.naver.com/adcr.nhn?x=gHHkYNBCT7sCLUBXofJp9f%2F%2F%2Fw%3D%3DstGIPR5%2FlfFjVYoV%2BhUfusXpA57D7hadegFmRt07G5NhWQE1WikGGRjsm7ORTamZ7WEqIVTO3RUoCxxrxDQ2K4dOS84C4m%2FX9zzEGf2SROCmlh4A0NS07qtLTWHX8i9yg2QxQuG5NgtU0VzplYFryjz4X%2FMOBzrhC5G4mTiyCCYa8b2GJXKCmb6euH6loXMaalSX50JcAOVNDsRnvMlPpgIYZinJnrZA5ah0dI%2Fv0MOxCz4%2F64xZ3yyKA7bm0PxSkRS8PGR7BXWLuitV8QARI1lGB%2BAjG%2F9HcSA5%2B4ihG9YtZE5DOdSobkavTXOFcRtbo4OdAXhx9IyKw20RQIRTRcn%2B0gaoX1qy2%2Bj6AP2CiyIt1%2FkUDeaUB2Zmqa2HwOug3qwkXVMbwNe%2B45dFaHZqJITVCZ4rdk8hPModxsSdH4jzjSWt%2Bulc0OkT08ahLEW0aPBKik0D%2BHbMsuI3gpJlcSup2LdD%2BbxXYDmNHXbecDBmJ3zgluiGGcsCf%2BZuyEpGTvheXF8iWun%2BocKjpXKi1LNGcSpApPFcaQySrpsMMo6H581yZx0bz%2F6zRsVvyYvkGiYKU6wMDjVLRd9pZYo0Cw%2BlIpkcZvjO8yU8McGyrYBo5l%2BhgVGkdyrlo5Dw5Kwb1sO4FRyYNCsIc4ym3xWeeu6vtUBvfoSsQPvEM6ZWUZTqYQHoTW35EcHN%2BEFJjYjDhV2FQXyedOWxQHt5ftGlckVaFndIwdNwuWmKtx1HNSCrUkiyUGZ3FpPHvE7X48%2Bhb&nvMid=32948088990&catId=50001519
해외아이폰 13 Pro ProMax 미국직구 정품 무음 카메라 관부가세 포함,"1,590,000원",https://cr.shopping.naver.com/adcr.nhn?x=uRub3pwImcdCNVvGM1%2F69P%2F%2F%2Fw%3D%3DsFRAMewixx8JUF85YqwlJSQQpQolil8%2B94PWVtIlxEUhWQE1WikGGRjsm7ORTamZ7NE3ktL3JUBrYd6maNIMOeNOS84C4m%2FX9zzEGf2SROCmlh4A0NS07qtLTWHX8i9ygNnu2I3I6tRT2OEc%2FhZhP6LuVw3GdaDAvxDSjC3cnt2Z%2F22ms%2BW8TiQQNz%2FOHMMFFR8wZYYhn7b4xvmV%2FtbNvq8z1dil%2F5vF02KahDr%2BPwn%2FL%2Fowdnq7%2Fmfq67OVRzok0S5SJNLgIdS1XFCtZ5GETGONDX%2BWmBLVJQ2zRjebwpdt3qpCFhQPfw1oGPl2qCdXyDG4evy%2BM13j64UYOnhTyGRquYXgFFqDlX8sGKltbU9t6K503jBTFiO%2BslOwbxo4OI4d%2BgwAqQly%2B5UHS5qQbHLyHxLAVwR%2F9t74CHb8z1VX0hvTVcKMhwnXct5dGhQKCHLfzMSnv8HYorSv1ZTXtAY9%2BipVKASRubGtExIR6g%2Bw%2FHCSgH5t4R0YRGrkHsv7xWUa4qtIe8bOfXdD8FXwBxo3srAfD5zwDi2%2F7zJEDbBG40khxWCPb6No%2B97ZmwwhuOCl3R7bqZvUlk6N1kEFdKZBklkiF24qeXcs6YhdFiSVWhZ3SMHTcLlpircdRzUgq1JIslBmdxaTx7xO1%2BPPoWw%3D%3D&nvMid=83251553577&catId=50001519
[대여] 핸드폰 아이폰렌탈 최신 iphone13 무약정 무보증임대 - 30일,"92,000원",https://cr.shopping.naver.com/adcr.nhn?x=86uzMqlwRCvc2mQfxSgBfP%2F%2F%2Fw%3D%3DsAs3ULGdOoti1cuwEvVCBC6Qa6Wjq5e0r%2BCD%2BDfqLSHsbsBKbbjTB%2BBCjsLv6tz%2BjqFrqdev49iyOynxByvd0l696fXv2RMmGHVqumhwZHkj1jKTKTxgL4%2FJ70OlwUWZREDkPBmq8awR1e9MS4%2BLNU4ZYgwI2fs40XR%2FERq%2FGNyfWK4fiV391hyKbNzjTTmNITxlxIQK8fyHHUDFi0qYmqCdwfchXeYOK76JPRg20VUH84irqoupb5cHtoCFQH9lAJV03cukp%2F9sq6JmLvPVclKqy3d1Bd8CoExTeMCz8yCoLysUJEo2TeM%2FE7lGXZvmBx72P1MzfeDsyK%2BcBtz34gDYLxbyVI0szhAqKMtPz6klBT%2BLQ1Vjkd72ygO8qsbLMkJoTsxWbKVl2IZeEmkGMxmAkdyCxJ6iPVGDAm7rKA8TN5RupIl522rGULOnG9mDisYy14MwljIynznm7aO7zT0FLfpcXsLLPzm%2FnUtRYqAf5gThbp8peWmSrQMoVaJKoNgOwvzX643Gnerd9gVGzGW6%2BL7cLFv58WTdfFQPZVkGQCU4rA9qEITJh30T6VqaOTsk7Pl%2FniJYQpHOdaEsBOWKNXlC9lSJ4Q2WPrFbL2xzke7%2BnZWwVmSL6lSvLADZOgqgOvq6z5EpEI5N2xav1Mg%3D%3D&nvMid=84117362445&catId=50001519
애플 아이폰13프로맥스 256GB 자급제 미개봉 미개통,"1,374,720원",https://cr.shopping.naver.com/adcr.nhn?x=BVM7Mb3JMLd8v3NU5uV7i%2F%2F%2F%2Fw%3D%3Ds2FJOzwpeIhrnKkGIsGSEKiIieiwNNIgNAvnCoWDzTeRhJz9H0Ub4KLvuVTVtNMxM9WkxNOC7j2ztHQ%2FSzvWXTqzB0YproSQjOnzSlD%2Fnb%2BRyseuczzliUzea532thygPLb9Nyl9BK8MeMnRjF115JbDXn0IDLBCgN%2FK3%2BGwmqM%2BpFjjh%2FGPU%2BK9K7OXF%2BaHk0eX6N0xSuoVW6n8HgFyAb%2Fv5DL8K7J%2FFhBSu4dYbv%2Bec7dxre2FKDmiXc821rmJXP9TtehdLcLyS5ZdukOSvK6Uc7oJ0GV8I0vt0%2FsC%2BQlQHs%2F2PHkpmvWjL2qy1nHubopQWaUz7oHsUaf4YcREHHrifoK8nHFC0AQ9oWJQfgU7HvY%2FUzN94OzIr5wG3PfiAcp3eZtVSnVlSU0rIPHwa4Ld183WYRyz0aip8oih26kyKqlKvy042cgqEN3oNYZa7ohVj5q52jnGEgbG4U28rcgK8hAaDokF69%2FqdoWCv5SKDqFU3JHwE4aEGA%2Bp%2FXzbN8Q2Sx2QCRzi4K4OIoJ1fR0gQD534OVeEERN20th%2FTqjY87iiZ%2F9ZB7eulAYHh9jfZTc3SRYJKEdTDi92W%2BhFhZio%2BgcM3dFKOOZWU3dmpAlPrEk8i6dMJFhAkFBWJMEBV3OdHgSE8LoEjTx9zpNPbFaRsOtQUnaEEbxBoHxZXOc%3D&nvMid=33215245054&catId=50001519
애플 아이폰 13 자급제 256GB 핑크 MLQ83KH/A,"1,230,000원",https://cr.shopping.naver.com/adcr.nhn?x=GOqD2ntg98sX51OBFShbi%2F%2F%2F%2Fw%3D%3DsXW5lt7zFxnKyVogG38RcKiNiOrllwbdRuGB8YoRLphRhJz9H0Ub4KLvuVTVtNMxMPQ%2BPot%2BcxvvDpqqNJ5fxoqzB0YproSQjOnzSlD%2Fnb%2BRyseuczzliUzea532thygPLb9Nyl9BK8MeMnRjF115Jfu6oAkTGETHMs8EuiNceQvlfoZh2hIS82uJEUWTv4oRW3pO0%2Fjo5SFGw4bxwbTi90PZqLXxWtVMyiFubkFDkvMXdtp7prBxA3t%2FiNiPjVS%2FywzmTmRvGD%2FgZYTjyHvRo3rTXr7Kn13ziv%2BL7HuG0pJthTvU%2F05au0wXf8ba3f3a0ZR9z%2FlN2N%2F2NQ9mZft4mkyfCtawDKzUvrVUi7T1j4zBz7%2BORHa%2BX777%2F5U82WuFtw%2FxhWLOzVOefuiOYPXy7EAHUp6hJf%2B50elrp66f%2B9MpqKrfV6tsuZtspPK5aGrUS6nKoqtur6iGShqz9U6FbpfzhBhKNpcUfydnCEwujBarBsr40uOCEKhwZbijibmwJIuar%2Fw3Eor36KrrXml8fPo%2F%2FYNjGiafDvYAY24lG%2Bgt%2BfWVtyK5Hygjrf97%2FQ7iC%2Bp633m53JCQqoKkv9VJyEuq0kixWjBzaBMarVwdcq%2FFvE2CdWKEnL551abFfExwVhB2jDsnj30eQ%2Fi36tDedJIrk%2FYg3M606xbcZLv0xRrH%2F45hyjttLU%2BuYeMb6f0zHRyPBWbUFRhWScTsgQynPg%3D%3D&nvMid=29588086062&catId=50001519
